Unnamed: 0,Nombre de Comunidad,Código de Provincia,Nombre de Provincia,Código de Municipio,Nombre de Municipio,Población,Número de mesas,Total censo electoral,Total votantes,Votos válidos,Votos a candidaturas,Votos en blanco,Votos nulos,PSOE,PP,Cs                                                ,PODEMOS-IU-EQUO                                   ,VOX                                               ,ERC-SOBIRANISTES                                  ,ECP-GUANYEM EL CANVI                              ,JxCAT-JUNTS                                       ,EAJ-PNV                                           ,EH Bildu                                          ,PODEMOS-EU-MAREAS EN COMÚN-EQUO                   ,CCa-PNC                                           ,NA+                                               ,COMPROMÍS 2019                                    ,PRC                                               ,PACMA                                             ,FRONT REPUBLICÀ                                   ,BNG                                               ,RECORTES CERO-GV                                  ,NCa                                               ,PACT                                              ,ARA-MES-ESQUERRA                                  ,GBAI                                              ,PUM+J                                             ,EN MAREA                                          ,PCTE                                              ,EL PI                                             ,AxSI                                              ,PCOE                                              ,PCPE                                              ,AVANT ADELANTE LOS VERDES                         ,EB                                                ,CpM                                               ,SOMOS REGIÓN                                      ,PCPA                                              ,PH                                                ,UIG-SOM-CUIDES                                    ,ERPV                                              ,IZQP                                              ,PCPC                                              ,AHORA CANARIAS                                    ,CxG                                               ,PPSO                                              ,CNV                                               ,PREPAL                                            ,C.Ex-C.R.Ex-P.R.Ex                                ,PR+                                               ,P-LIB                                             ,CILU-LINARES                                      ,ANDECHA ASTUR                                     ,"""JF""                                              ",PYLN                                              ,FIA                                               ,FE de las JONS                                    ,F8                                                ,SOLIDARIA                                         ,DPL                                               ,UNIÓN REGIONALISTA                                ,centrados                                         ,VOU                                               ,DP                                                ,PDSJE-UDEC                                        ,IZAR                                              ,RISA                                              ,C 21                                              ,+MAS+                                             ,UDT                                               ,COD_POSTAL,%PSOE,%PP,size
6666,Comunidad de Madrid           ,28,Madrid                        ,001,La Acebeda,65,1,80,64,64,64,0,0,11,19,11,15,8,0,0,0,0,0,0,0,0,0,0,0,0,0,0,0,0,0,0,0,0,0,0,0,0,0,0,0,0,0,0,0,0,0,0,0,0,0,0,0,0,0,0,0,0,0,0,0,0,0,0,0,0,0,0,0,0,0,0,0,0,0,0,28001,0.171875,,<5K
6667,Comunidad de Madrid           ,28,Madrid                        ,002,Ajalvir,4559,4,3281,2481,2455,2431,24,26,572,429,533,286,551,0,0,0,0,0,0,0,0,0,0,39,0,0,2,0,10,0,0,4,0,2,0,0,0,1,0,0,0,0,0,2,0,0,0,0,0,0,0,0,0,0,0,0,0,0,0,0,0,0,0,0,0,0,0,0,0,0,0,0,0,0,0,28002,0.23529411764705882,,<5K
6668,Comunidad de Madrid           ,28,Madrid                        ,003,Alameda del Valle,195,1,170,148,148,147,1,0,45,28,26,24,21,0,0,0,0,0,0,0,0,0,0,2,0,0,1,0,0,0,0,0,0,0,0,0,0,0,0,0,0,0,0,0,0,0,0,0,0,0,0,0,0,0,0,0,0,0,0,0,0,0,0,0,0,0,0,0,0,0,0,0,0,0,0,28003,0.30612244897959184,,<5K
6669,Comunidad de Madrid           ,28,Madrid                        ,004,El Álamo,9353,10,6564,4798,4767,4741,26,31,1230,857,913,665,995,0,0,0,0,0,0,0,0,0,0,52,0,0,4,0,13,0,0,7,0,3,0,0,0,0,0,0,0,0,0,2,0,0,0,0,0,0,0,0,0,0,0,0,0,0,0,0,0,0,0,0,0,0,0,0,0,0,0,0,0,0,0,28004,0.25943893693313647,,<5K
6670,Comunidad de Madrid           ,28,Madrid                        ,005,Alcalá de Henares,193751,222,136049,108267,107316,106544,772,951,32505,16988,23526,16164,14486,0,0,0,0,0,0,0,0,0,0,1617,0,0,255,0,622,0,0,143,0,69,0,0,0,60,0,0,0,0,0,109,0,0,0,0,0,0,0,0,0,0,0,0,0,0,0,0,0,0,0,0,0,0,0,0,0,0,0,0,0,0,0,28005,0.3050852230064574,,>5K
6671,Comunidad de Madrid           ,28,Madrid                        ,006,Alcobendas,116037,124,80622,64905,64483,64083,400,422,17223,13023,14632,8310,9339,0,0,0,0,0,0,0,0,0,0,883,0,0,136,0,323,0,0,83,0,47,0,0,0,24,0,0,0,0,0,60,0,0,0,0,0,0,0,0,0,0,0,0,0,0,0,0,0,0,0,0,0,0,0,0,0,0,0,0,0,0,0,28006,0.2687608258040354,,>5K
6672,Comunidad de Madrid           ,28,Madrid                        ,007,Alcorcón,169502,216,126831,103108,102202,101492,710,906,31209,17728,20569,17675,11780,0,0,0,0,0,0,0,0,0,0,1401,0,0,243,0,550,0,0,135,0,62,0,0,0,64,0,0,0,0,0,76,0,0,0,0,0,0,0,0,0,0,0,0,0,0,0,0,0,0,0,0,0,0,0,0,0,0,0,0,0,0,0,28007,0.3075020691286013,,>5K
6673,Comunidad de Madrid           ,28,Madrid                        ,008,Aldea del Fresno,2698,3,1961,1477,1456,1450,6,21,367,269,269,229,280,0,0,0,0,0,0,0,0,0,0,25,0,0,5,0,4,0,0,0,0,1,0,0,0,1,0,0,0,0,0,0,0,0,0,0,0,0,0,0,0,0,0,0,0,0,0,0,0,0,0,0,0,0,0,0,0,0,0,0,0,0,0,28008,0.25310344827586206,,<5K
6674,Comunidad de Madrid           ,28,Madrid                        ,009,Algete,20473,22,14499,11656,11564,11502,62,92,2751,2028,2905,1435,2065,0,0,0,0,0,0,0,0,0,0,207,0,0,16,0,40,0,0,13,0,13,0,0,0,17,0,0,0,0,0,12,0,0,0,0,0,0,0,0,0,0,0,0,0,0,0,0,0,0,0,0,0,0,0,0,0,0,0,0,0,0,0,28009,0.23917579551382367,,>5K
6675,Comunidad de Madrid           ,28,Madrid                        ,010,Alpedrete,14364,18,10538,8708,8635,8581,54,73,1816,1591,2066,1351,1524,0,0,0,0,0,0,0,0,0,0,127,0,0,16,0,51,0,0,21,0,5,0,0,0,6,0,0,0,0,0,7,0,0,0,0,0,0,0,0,0,0,0,0,0,0,0,0,0,0,0,0,0,0,0,0,0,0,0,0,0,0,0,28010,0.2116303461135066,,>5K
6676,Comunidad de Madrid           ,28,Madrid                        ,011,Ambite,601,1,420,315,311,310,1,4,78,60,50,54,56,0,0,0,0,0,0,0,0,0,0,7,0,0,1,0,2,0,0,0,0,0,0,0,0,2,0,0,0,0,0,0,0,0,0,0,0,0,0,0,0,0,0,0,0,0,0,0,0,0,0,0,0,0,0,0,0,0,0,0,0,0,0,28011,0.25161290322580643,,<5K
6677,Comunidad de Madrid           ,28,Madrid                        ,012,Anchuelo,1272,2,918,727,711,705,6,16,178,129,144,62,176,0,0,0,0,0,0,0,0,0,0,14,0,0,0,0,1,0,0,0,0,0,0,0,0,1,0,0,0,0,0,0,0,0,0,0,0,0,0,0,0,0,0,0,0,0,0,0,0,0,0,0,0,0,0,0,0,0,0,0,0,0,0,28012,0.2524822695035461,,<5K
6678,Comunidad de Madrid           ,28,Madrid                        ,013,Aranjuez,59037,67,41562,32024,31693,31499,194,331,9116,5288,6244,4867,5242,0,0,0,0,0,0,0,0,0,0,446,0,0,50,0,148,0,0,34,0,23,0,0,0,17,0,0,0,0,0,24,0,0,0,0,0,0,0,0,0,0,0,0,0,0,0,0,0,0,0,0,0,0,0,0,0,0,0,0,0,0,0,28013,0.28940601288929807,,>5K
6679,Comunidad de Madrid           ,28,Madrid                        ,014,Arganda del Rey,54554,54,34048,26858,26575,26397,178,283,7289,4366,5775,3963,4402,0,0,0,0,0,0,0,0,0,0,372,0,0,50,0,90,0,0,29,0,25,0,0,0,16,0,0,0,0,0,20,0,0,0,0,0,0,0,0,0,0,0,0,0,0,0,0,0,0,0,0,0,0,0,0,0,0,0,0,0,0,0,28014,0.2761298632420351,,>5K
6680,Comunidad de Madrid           ,28,Madrid                        ,015,Arroyomolinos,30052,31,20440,17084,16953,16850,103,131,3615,2448,4737,2314,3342,0,0,0,0,0,0,0,0,0,0,255,0,0,34,0,56,0,0,20,0,5,0,0,0,11,0,0,0,0,0,13,0,0,0,0,0,0,0,0,0,0,0,0,0,0,0,0,0,0,0,0,0,0,0,0,0,0,0,0,0,0,0,28015,0.214540059347181,,>5K
6681,Comunidad de Madrid           ,28,Madrid                        ,016,El Atazar,93,1,78,62,61,60,1,1,14,13,9,11,11,0,0,0,0,0,0,0,0,0,0,1,0,0,0,0,1,0,0,0,0,0,0,0,0,0,0,0,0,0,0,0,0,0,0,0,0,0,0,0,0,0,0,0,0,0,0,0,0,0,0,0,0,0,0,0,0,0,0,0,0,0,0,28016,0.23333333333333334,,<5K
6682,Comunidad de Madrid           ,28,Madrid                        ,017,Batres,1638,2,1280,1017,1012,1003,9,5,225,144,193,214,190,0,0,0,0,0,0,0,0,0,0,21,0,0,2,0,9,0,0,2,0,2,0,0,0,0,0,0,0,0,0,1,0,0,0,0,0,0,0,0,0,0,0,0,0,0,0,0,0,0,0,0,0,0,0,0,0,0,0,0,0,0,0,28017,0.22432701894317048,,<5K
6683,Comunidad de Madrid           ,28,Madrid                        ,018,Becerril de la Sierra,5564,6,4068,3367,3344,3329,15,23,760,656,614,523,714,0,0,0,0,0,0,0,0,0,0,35,0,0,5,0,12,0,0,6,0,2,0,0,0,1,0,0,0,0,0,1,0,0,0,0,0,0,0,0,0,0,0,0,0,0,0,0,0,0,0,0,0,0,0,0,0,0,0,0,0,0,0,28018,0.22829678582156804,,<5K
6684,Comunidad de Madrid           ,28,Madrid                        ,019,Belmonte de Tajo,1627,2,1269,990,981,977,4,9,355,151,141,154,149,0,0,0,0,0,0,0,0,0,0,17,0,0,2,0,6,0,0,0,0,2,0,0,0,0,0,0,0,0,0,0,0,0,0,0,0,0,0,0,0,0,0,0,0,0,0,0,0,0,0,0,0,0,0,0,0,0,0,0,0,0,0,28019,0.3633572159672467,,<5K
6685,Comunidad de Madrid           ,28,Madrid                        ,020,Berzosa del Lozoya,198,1,169,110,109,109,0,1,22,26,16,37,8,0,0,0,0,0,0,0,0,0,0,0,0,0,0,0,0,0,0,0,0,0,0,0,0,0,0,0,0,0,0,0,0,0,0,0,0,0,0,0,0,0,0,0,0,0,0,0,0,0,0,0,0,0,0,0,0,0,0,0,0,0,0,28020,0.2018348623853211,,<5K
6686,Comunidad de Madrid           ,28,Madrid                        ,021,El Berrueco,741,1,576,387,386,383,3,1,84,88,60,100,42,0,0,0,0,0,0,0,0,0,0,6,0,0,0,0,2,0,0,0,0,1,0,0,0,0,0,0,0,0,0,0,0,0,0,0,0,0,0,0,0,0,0,0,0,0,0,0,0,0,0,0,0,0,0,0,0,0,0,0,0,0,0,28021,0.2193211488250653,,<5K
6687,Comunidad de Madrid           ,28,Madrid                        ,022,Boadilla del Monte,52626,55,36550,31559,31436,31229,207,123,5033,8151,8824,2556,6175,0,0,0,0,0,0,0,0,0,0,302,0,0,34,0,91,0,0,31,0,9,0,0,0,5,0,0,0,0,0,18,0,0,0,0,0,0,0,0,0,0,0,0,0,0,0,0,0,0,0,0,0,0,0,0,0,0,0,0,0,0,0,28022,0.16116430241122034,,>5K
6688,Comunidad de Madrid           ,28,Madrid                        ,023,El Boalo,7399,8,5090,4252,4212,4181,31,40,892,697,924,798,791,0,0,0,0,0,0,0,0,0,0,54,0,0,1,0,17,0,0,2,0,1,0,0,0,2,0,0,0,0,0,2,0,0,0,0,0,0,0,0,0,0,0,0,0,0,0,0,0,0,0,0,0,0,0,0,0,0,0,0,0,0,0,28023,0.21334608945228414,,<5K
6689,Comunidad de Madrid           ,28,Madrid                        ,024,Braojos,205,1,168,146,145,144,1,1,21,44,22,24,33,0,0,0,0,0,0,0,0,0,0,0,0,0,0,0,0,0,0,0,0,0,0,0,0,0,0,0,0,0,0,0,0,0,0,0,0,0,0,0,0,0,0,0,0,0,0,0,0,0,0,0,0,0,0,0,0,0,0,0,0,0,0,28024,0.14583333333333334,,<5K
6690,Comunidad de Madrid           ,28,Madrid                        ,025,Brea de Tajo,525,1,404,314,305,302,3,9,65,129,29,28,48,0,0,0,0,0,0,0,0,0,0,0,0,0,0,0,3,0,0,0,0,0,0,0,0,0,0,0,0,0,0,0,0,0,0,0,0,0,0,0,0,0,0,0,0,0,0,0,0,0,0,0,0,0,0,0,0,0,0,0,0,0,0,28025,0.2152317880794702,,<5K
6691,Comunidad de Madrid           ,28,Madrid                        ,026,Brunete,10596,11,6703,5422,5367,5346,21,55,1035,1100,1203,815,1065,0,0,0,0,0,0,0,0,0,0,86,0,0,7,0,22,0,0,7,0,2,0,0,0,2,0,0,0,0,0,2,0,0,0,0,0,0,0,0,0,0,0,0,0,0,0,0,0,0,0,0,0,0,0,0,0,0,0,0,0,0,0,28026,0.1936026936026936,,>5K
6692,Comunidad de Madrid           ,28,Madrid                        ,027,Buitrago del Lozoya,1875,2,1200,920,906,902,4,14,277,188,159,121,140,0,0,0,0,0,0,0,0,0,0,2,0,0,6,0,5,0,0,2,0,1,0,0,0,0,0,0,0,0,0,1,0,0,0,0,0,0,0,0,0,0,0,0,0,0,0,0,0,0,0,0,0,0,0,0,0,0,0,0,0,0,0,28027,0.3070953436807095,,<5K
6693,Comunidad de Madrid           ,28,Madrid                        ,028,Bustarviejo,2486,3,1820,1493,1483,1475,8,10,351,245,198,459,188,0,0,0,0,0,0,0,0,0,0,22,0,0,1,0,4,0,0,3,0,2,0,0,0,2,0,0,0,0,0,0,0,0,0,0,0,0,0,0,0,0,0,0,0,0,0,0,0,0,0,0,0,0,0,0,0,0,0,0,0,0,0,28028,0.23796610169491525,,<5K
6694,Comunidad de Madrid           ,28,Madrid                        ,029,Cabanillas de la Sierra,712,1,562,459,456,454,2,3,94,97,77,91,81,0,0,0,0,0,0,0,0,0,0,8,0,0,2,0,2,0,0,1,0,0,0,0,0,0,0,0,0,0,0,1,0,0,0,0,0,0,0,0,0,0,0,0,0,0,0,0,0,0,0,0,0,0,0,0,0,0,0,0,0,0,0,28029,0.20704845814977973,,<5K
6695,Comunidad de Madrid           ,28,Madrid                        ,030,La Cabrera,2613,3,1818,1438,1395,1385,10,43,338,265,237,300,212,0,0,0,0,0,0,0,0,0,0,19,0,0,1,0,9,0,0,4,0,0,0,0,0,0,0,0,0,0,0,0,0,0,0,0,0,0,0,0,0,0,0,0,0,0,0,0,0,0,0,0,0,0,0,0,0,0,0,0,0,0,0,28030,0.244043321299639,,<5K
6696,Comunidad de Madrid           ,28,Madrid                        ,031,Cadalso de los Vidrios,3049,4,2139,1642,1614,1603,11,28,553,395,212,143,286,0,0,0,0,0,0,0,0,0,0,11,0,0,0,0,3,0,0,0,0,0,0,0,0,0,0,0,0,0,0,0,0,0,0,0,0,0,0,0,0,0,0,0,0,0,0,0,0,0,0,0,0,0,0,0,0,0,0,0,0,0,0,28031,0.34497816593886466,,<5K
6697,Comunidad de Madrid           ,28,Madrid                        ,032,Camarma de Esteruelas,7226,8,5042,4039,3992,3969,23,47,1047,563,991,512,742,0,0,0,0,0,0,0,0,0,0,80,0,0,6,0,22,0,0,2,0,3,0,0,0,0,0,0,0,0,0,1,0,0,0,0,0,0,0,0,0,0,0,0,0,0,0,0,0,0,0,0,0,0,0,0,0,0,0,0,0,0,0,28032,0.2637944066515495,,<5K
6698,Comunidad de Madrid           ,28,Madrid                        ,033,Campo Real,6075,7,4082,3172,3140,3127,13,32,691,650,698,364,650,0,0,0,0,0,0,0,0,0,0,51,0,0,7,0,9,0,0,2,0,1,0,0,0,1,0,0,0,0,0,3,0,0,0,0,0,0,0,0,0,0,0,0,0,0,0,0,0,0,0,0,0,0,0,0,0,0,0,0,0,0,0,28033,0.22097857371282378,,<5K
6699,Comunidad de Madrid           ,28,Madrid                        ,034,Canencia,423,1,370,284,280,280,0,4,68,75,45,40,51,0,0,0,0,0,0,0,0,0,0,1,0,0,0,0,0,0,0,0,0,0,0,0,0,0,0,0,0,0,0,0,0,0,0,0,0,0,0,0,0,0,0,0,0,0,0,0,0,0,0,0,0,0,0,0,0,0,0,0,0,0,0,28034,0.24285714285714285,,<5K
6700,Comunidad de Madrid           ,28,Madrid                        ,035,Carabaña,1905,2,1394,1057,1043,1040,3,14,308,214,178,163,156,0,0,0,0,0,0,0,0,0,0,13,0,0,0,0,4,0,0,1,0,1,0,0,0,1,0,0,0,0,0,1,0,0,0,0,0,0,0,0,0,0,0,0,0,0,0,0,0,0,0,0,0,0,0,0,0,0,0,0,0,0,0,28035,0.29615384615384616,,<5K
6701,Comunidad de Madrid           ,28,Madrid                        ,036,Casarrubuelos,3707,4,2675,2135,2093,2076,17,42,461,247,448,427,406,0,0,0,0,0,0,0,0,0,0,42,0,0,4,0,26,0,0,7,0,4,0,0,0,1,0,0,0,0,0,3,0,0,0,0,0,0,0,0,0,0,0,0,0,0,0,0,0,0,0,0,0,0,0,0,0,0,0,0,0,0,0,28036,0.2220616570327553,,<5K
6702,Comunidad de Madrid           ,28,Madrid                        ,037,Cenicientos,1980,3,1577,1196,1180,1175,5,16,498,212,144,107,200,0,0,0,0,0,0,0,0,0,0,10,0,0,1,0,3,0,0,0,0,0,0,0,0,0,0,0,0,0,0,0,0,0,0,0,0,0,0,0,0,0,0,0,0,0,0,0,0,0,0,0,0,0,0,0,0,0,0,0,0,0,0,28037,0.4238297872340426,,<5K
6703,Comunidad de Madrid           ,28,Madrid                        ,038,Cercedilla,6948,8,5155,4142,4090,4070,20,52,1104,668,786,838,576,0,0,0,0,0,0,0,0,0,0,61,0,0,4,0,27,0,0,4,0,1,0,0,0,1,0,0,0,0,0,0,0,0,0,0,0,0,0,0,0,0,0,0,0,0,0,0,0,0,0,0,0,0,0,0,0,0,0,0,0,0,0,28038,0.27125307125307124,,<5K
6704,Comunidad de Madrid           ,28,Madrid                        ,039,Cervera de Buitrago,149,1,125,103,103,101,2,0,37,23,15,19,7,0,0,0,0,0,0,0,0,0,0,0,0,0,0,0,0,0,0,0,0,0,0,0,0,0,0,0,0,0,0,0,0,0,0,0,0,0,0,0,0,0,0,0,0,0,0,0,0,0,0,0,0,0,0,0,0,0,0,0,0,0,0,28039,0.36633663366336633,,<5K
6705,Comunidad de Madrid           ,28,Madrid                        ,040,Ciempozuelos,24087,26,16649,11709,11551,11485,66,158,3321,1595,2274,1981,2002,0,0,0,0,0,0,0,0,0,0,192,0,0,13,0,56,0,0,12,0,11,0,0,0,13,0,0,0,0,0,15,0,0,0,0,0,0,0,0,0,0,0,0,0,0,0,0,0,0,0,0,0,0,0,0,0,0,0,0,0,0,0,28040,0.2891597736177623,,>5K
6706,Comunidad de Madrid           ,28,Madrid                        ,041,Cobeña,7280,7,4789,4012,3973,3950,23,39,846,621,1085,482,803,0,0,0,0,0,0,0,0,0,0,80,0,0,5,0,17,0,0,6,0,3,0,0,0,0,0,0,0,0,0,2,0,0,0,0,0,0,0,0,0,0,0,0,0,0,0,0,0,0,0,0,0,0,0,0,0,0,0,0,0,0,0,28041,0.21417721518987343,,<5K
6707,Comunidad de Madrid           ,28,Madrid                        ,042,Colmenar del Arroyo,1685,2,1266,1020,1010,1008,2,10,204,228,177,153,211,0,0,0,0,0,0,0,0,0,0,21,0,0,1,0,8,0,0,2,0,1,0,0,0,1,0,0,0,0,0,1,0,0,0,0,0,0,0,0,0,0,0,0,0,0,0,0,0,0,0,0,0,0,0,0,0,0,0,0,0,0,0,28042,0.20238095238095238,,<5K
6708,Comunidad de Madrid           ,28,Madrid                        ,043,Colmenar de Oreja,7902,10,6167,4404,4320,4290,30,84,1198,773,750,560,906,0,0,0,0,0,0,0,0,0,0,51,0,0,7,0,28,0,0,6,0,4,0,0,0,5,0,0,0,0,0,2,0,0,0,0,0,0,0,0,0,0,0,0,0,0,0,0,0,0,0,0,0,0,0,0,0,0,0,0,0,0,0,28043,0.27925407925407925,,<5K
6709,Comunidad de Madrid           ,28,Madrid                        ,044,Colmenarejo,9124,9,6193,5040,4991,4960,31,49,1205,779,1101,908,848,0,0,0,0,0,0,0,0,0,0,69,0,0,7,0,26,0,0,5,0,5,0,0,0,5,0,0,0,0,0,2,0,0,0,0,0,0,0,0,0,0,0,0,0,0,0,0,0,0,0,0,0,0,0,0,0,0,0,0,0,0,0,28044,0.24294354838709678,,<5K
6710,Comunidad de Madrid           ,28,Madrid                        ,045,Colmenar Viejo,49498,56,35264,27864,27597,27417,180,267,6921,4859,6278,4368,4275,0,0,0,0,0,0,0,0,0,0,413,0,0,59,0,134,0,0,47,0,19,0,0,0,14,0,0,0,0,0,30,0,0,0,0,0,0,0,0,0,0,0,0,0,0,0,0,0,0,0,0,0,0,0,0,0,0,0,0,0,0,0,28045,0.2524346208556735,,>5K
6711,Comunidad de Madrid           ,28,Madrid                        ,046,Collado Mediano,6781,8,4776,3944,3912,3890,22,32,860,760,810,653,684,0,0,0,0,0,0,0,0,0,0,67,0,0,8,0,38,0,0,7,0,1,0,0,0,0,0,0,0,0,0,2,0,0,0,0,0,0,0,0,0,0,0,0,0,0,0,0,0,0,0,0,0,0,0,0,0,0,0,0,0,0,0,28046,0.2210796915167095,,<5K
6712,Comunidad de Madrid           ,28,Madrid                        ,047,Collado Villalba,63074,67,42850,33561,33215,32999,216,346,8969,5272,7193,5841,4768,0,0,0,0,0,0,0,0,0,0,551,0,0,79,0,193,0,0,55,0,23,0,0,0,20,0,0,0,0,0,35,0,0,0,0,0,0,0,0,0,0,0,0,0,0,0,0,0,0,0,0,0,0,0,0,0,0,0,0,0,0,0,28047,0.2717961150337889,,>5K
6713,Comunidad de Madrid           ,28,Madrid                        ,048,Corpa,697,1,504,399,392,386,6,7,125,60,49,89,51,0,0,0,0,0,0,0,0,0,0,6,0,0,0,0,4,0,0,2,0,0,0,0,0,0,0,0,0,0,0,0,0,0,0,0,0,0,0,0,0,0,0,0,0,0,0,0,0,0,0,0,0,0,0,0,0,0,0,0,0,0,0,28048,0.3238341968911917,,<5K
6714,Comunidad de Madrid           ,28,Madrid                        ,049,Coslada,81860,93,57902,47976,47561,47232,329,415,15381,6228,10047,9360,4856,0,0,0,0,0,0,0,0,0,0,750,0,0,74,0,318,0,0,60,0,57,0,0,0,52,0,0,0,0,0,49,0,0,0,0,0,0,0,0,0,0,0,0,0,0,0,0,0,0,0,0,0,0,0,0,0,0,0,0,0,0,0,28049,0.3256478658536585,,>5K
6715,Comunidad de Madrid           ,28,Madrid                        ,050,Cubas de la Sagra,6310,7,4367,3411,3384,3370,14,27,718,564,826,462,724,0,0,0,0,0,0,0,0,0,0,55,0,0,6,0,9,0,0,0,0,0,0,0,0,4,0,0,0,0,0,2,0,0,0,0,0,0,0,0,0,0,0,0,0,0,0,0,0,0,0,0,0,0,0,0,0,0,0,0,0,0,0,28050,0.21305637982195846,,<5K
6716,Comunidad de Madrid           ,28,Madrid                        ,051,Chapinería,2240,2,1640,1301,1292,1283,9,9,303,244,253,213,225,0,0,0,0,0,0,0,0,0,0,27,0,0,3,0,10,0,0,1,0,2,0,0,0,1,0,0,0,0,0,1,0,0,0,0,0,0,0,0,0,0,0,0,0,0,0,0,0,0,0,0,0,0,0,0,0,0,0,0,0,0,0,28051,0.23616523772408418,,<5K
6717,Comunidad de Madrid           ,28,Madrid                        ,052,Chinchón,5239,6,3949,2890,2818,2810,8,72,614,662,547,318,615,0,0,0,0,0,0,0,0,0,0,34,0,0,4,0,9,0,0,2,0,0,0,0,0,3,0,0,0,0,0,2,0,0,0,0,0,0,0,0,0,0,0,0,0,0,0,0,0,0,0,0,0,0,0,0,0,0,0,0,0,0,0,28052,0.2185053380782918,,<5K
6718,Comunidad de Madrid           ,28,Madrid                        ,053,Daganzo de Arriba,10061,11,6840,5797,5739,5707,32,58,1372,786,1504,892,1009,0,0,0,0,0,0,0,0,0,0,92,0,0,13,0,20,0,0,8,0,3,0,0,0,2,0,0,0,0,0,6,0,0,0,0,0,0,0,0,0,0,0,0,0,0,0,0,0,0,0,0,0,0,0,0,0,0,0,0,0,0,0,28053,0.24040651831084633,,>5K
6719,Comunidad de Madrid           ,28,Madrid                        ,054,El Escorial,15842,20,11891,9476,9395,9331,64,81,2304,1713,1897,1556,1655,0,0,0,0,0,0,0,0,0,0,124,0,0,24,0,36,0,0,8,0,4,0,0,0,5,0,0,0,0,0,5,0,0,0,0,0,0,0,0,0,0,0,0,0,0,0,0,0,0,0,0,0,0,0,0,0,0,0,0,0,0,0,28054,0.2469188725752867,,>5K
6720,Comunidad de Madrid           ,28,Madrid                        ,055,Estremera,1236,1,909,671,666,661,5,5,242,160,108,43,103,0,0,0,0,0,0,0,0,0,0,4,0,0,0,0,0,0,0,0,0,0,0,0,0,0,0,0,0,0,0,1,0,0,0,0,0,0,0,0,0,0,0,0,0,0,0,0,0,0,0,0,0,0,0,0,0,0,0,0,0,0,0,28055,0.3661119515885023,,<5K
6721,Comunidad de Madrid           ,28,Madrid                        ,056,Fresnedillas de la Oliva,1554,2,914,715,703,699,4,12,179,123,101,203,75,0,0,0,0,0,0,0,0,0,0,10,0,0,4,0,2,0,0,1,0,0,0,0,0,1,0,0,0,0,0,0,0,0,0,0,0,0,0,0,0,0,0,0,0,0,0,0,0,0,0,0,0,0,0,0,0,0,0,0,0,0,0,28056,0.25608011444921314,,<5K
6722,Comunidad de Madrid           ,28,Madrid                        ,057,Fresno de Torote,2181,2,1549,1246,1239,1234,5,7,259,197,297,193,240,0,0,0,0,0,0,0,0,0,0,34,0,0,1,0,8,0,0,1,0,1,0,0,0,2,0,0,0,0,0,1,0,0,0,0,0,0,0,0,0,0,0,0,0,0,0,0,0,0,0,0,0,0,0,0,0,0,0,0,0,0,0,28057,0.2098865478119935,,<5K
6723,Comunidad de Madrid           ,28,Madrid                        ,058,Fuenlabrada,193586,225,141252,112674,111423,110645,778,1251,37597,12224,23072,20112,14148,0,0,0,0,0,0,0,0,0,0,2130,0,0,291,0,591,0,0,185,0,92,0,0,0,72,0,0,0,0,0,131,0,0,0,0,0,0,0,0,0,0,0,0,0,0,0,0,0,0,0,0,0,0,0,0,0,0,0,0,0,0,0,28058,0.33979845451669755,,>5K
6724,Comunidad de Madrid           ,28,Madrid                        ,059,Fuente el Saz de Jarama,6541,7,4515,3573,3542,3530,12,31,897,617,839,446,660,0,0,0,0,0,0,0,0,0,0,39,0,0,7,0,14,0,0,6,0,1,0,0,0,1,0,0,0,0,0,3,0,0,0,0,0,0,0,0,0,0,0,0,0,0,0,0,0,0,0,0,0,0,0,0,0,0,0,0,0,0,0,28059,0.25410764872521246,,<5K
6725,Comunidad de Madrid           ,28,Madrid                        ,060,Fuentidueña de Tajo,1985,2,1565,1262,1247,1242,5,15,565,167,142,190,143,0,0,0,0,0,0,0,0,0,0,25,0,0,4,0,4,0,0,1,0,0,0,0,0,1,0,0,0,0,0,0,0,0,0,0,0,0,0,0,0,0,0,0,0,0,0,0,0,0,0,0,0,0,0,0,0,0,0,0,0,0,0,28060,0.45491143317230276,,<5K
6726,Comunidad de Madrid           ,28,Madrid                        ,061,Galapagar,33379,34,22564,18245,18064,17947,117,181,4324,3080,3924,2870,3329,0,0,0,0,0,0,0,0,0,0,262,0,0,30,0,76,0,0,22,0,6,0,0,0,8,0,0,0,0,0,16,0,0,0,0,0,0,0,0,0,0,0,0,0,0,0,0,0,0,0,0,0,0,0,0,0,0,0,0,0,0,0,28061,0.24093163202763693,,>5K
6727,Comunidad de Madrid           ,28,Madrid                        ,062,Garganta de los Montes,348,1,288,243,236,236,0,7,40,42,44,32,71,0,0,0,0,0,0,0,0,0,0,4,0,0,0,0,3,0,0,0,0,0,0,0,0,0,0,0,0,0,0,0,0,0,0,0,0,0,0,0,0,0,0,0,0,0,0,0,0,0,0,0,0,0,0,0,0,0,0,0,0,0,0,28062,0.1694915254237288,,<5K
6728,Comunidad de Madrid           ,28,Madrid                        ,063,Gargantilla del Lozoya y Pinilla de Buitrago,318,1,254,203,202,200,2,1,51,42,32,44,26,0,0,0,0,0,0,0,0,0,0,5,0,0,0,0,0,0,0,0,0,0,0,0,0,0,0,0,0,0,0,0,0,0,0,0,0,0,0,0,0,0,0,0,0,0,0,0,0,0,0,0,0,0,0,0,0,0,0,0,0,0,0,28063,0.255,,<5K
6729,Comunidad de Madrid           ,28,Madrid                        ,064,Gascones,188,1,135,110,104,103,1,6,31,25,13,12,22,0,0,0,0,0,0,0,0,0,0,0,0,0,0,0,0,0,0,0,0,0,0,0,0,0,0,0,0,0,0,0,0,0,0,0,0,0,0,0,0,0,0,0,0,0,0,0,0,0,0,0,0,0,0,0,0,0,0,0,0,0,0,28064,0.30097087378640774,,<5K
6730,Comunidad de Madrid           ,28,Madrid                        ,065,Getafe,180747,217,130679,106997,105975,105213,762,1022,34404,14360,20548,21096,11962,0,0,0,0,0,0,0,0,0,0,1518,0,0,243,0,716,0,0,134,0,85,0,0,0,58,0,0,0,0,0,89,0,0,0,0,0,0,0,0,0,0,0,0,0,0,0,0,0,0,0,0,0,0,0,0,0,0,0,0,0,0,0,28065,0.32699381255168086,,>5K
6731,Comunidad de Madrid           ,28,Madrid                        ,066,Griñón,10178,12,7515,6105,6039,5999,40,66,1048,1160,1428,673,1548,0,0,0,0,0,0,0,0,0,0,92,0,0,10,0,27,0,0,4,0,1,0,0,0,5,0,0,0,0,0,3,0,0,0,0,0,0,0,0,0,0,0,0,0,0,0,0,0,0,0,0,0,0,0,0,0,0,0,0,0,0,0,28066,0.17469578263043842,,>5K
6732,Comunidad de Madrid           ,28,Madrid                        ,067,Guadalix de la Sierra,6119,6,4361,3548,3509,3495,14,39,1060,554,634,512,655,0,0,0,0,0,0,0,0,0,0,44,0,0,5,0,19,0,0,5,0,1,0,0,0,1,0,0,0,0,0,5,0,0,0,0,0,0,0,0,0,0,0,0,0,0,0,0,0,0,0,0,0,0,0,0,0,0,0,0,0,0,0,28067,0.3032904148783977,,<5K
6733,Comunidad de Madrid           ,28,Madrid                        ,068,Guadarrama,15785,17,11554,9122,9022,8978,44,100,2095,1778,1839,1240,1820,0,0,0,0,0,0,0,0,0,0,114,0,0,12,0,52,0,0,9,0,6,0,0,0,2,0,0,0,0,0,11,0,0,0,0,0,0,0,0,0,0,0,0,0,0,0,0,0,0,0,0,0,0,0,0,0,0,0,0,0,0,0,28068,0.23334818445087993,,>5K
6734,Comunidad de Madrid           ,28,Madrid                        ,069,La Hiruela,48,1,56,47,45,43,2,2,6,7,9,12,7,0,0,0,0,0,0,0,0,0,0,0,0,0,0,0,2,0,0,0,0,0,0,0,0,0,0,0,0,0,0,0,0,0,0,0,0,0,0,0,0,0,0,0,0,0,0,0,0,0,0,0,0,0,0,0,0,0,0,0,0,0,0,28069,0.13953488372093023,,<5K
6735,Comunidad de Madrid           ,28,Madrid                        ,070,Horcajo de la Sierra-Aoslos,148,1,113,94,94,92,2,0,14,12,16,29,20,0,0,0,0,0,0,0,0,0,0,1,0,0,0,0,0,0,0,0,0,0,0,0,0,0,0,0,0,0,0,0,0,0,0,0,0,0,0,0,0,0,0,0,0,0,0,0,0,0,0,0,0,0,0,0,0,0,0,0,0,0,0,28070,0.15217391304347827,,<5K
6736,Comunidad de Madrid           ,28,Madrid                        ,071,Horcajuelo de la Sierra,89,1,64,56,54,54,0,2,10,16,10,4,13,0,0,0,0,0,0,0,0,0,0,0,0,0,0,0,0,0,0,0,0,0,0,0,0,1,0,0,0,0,0,0,0,0,0,0,0,0,0,0,0,0,0,0,0,0,0,0,0,0,0,0,0,0,0,0,0,0,0,0,0,0,0,28071,0.18518518518518517,,<5K
6737,Comunidad de Madrid           ,28,Madrid                        ,072,Hoyo de Manzanares,8222,9,6087,5001,4961,4938,23,40,1086,938,1067,800,927,0,0,0,0,0,0,0,0,0,0,75,0,0,14,0,15,0,0,9,0,2,0,0,0,2,0,0,0,0,0,3,0,0,0,0,0,0,0,0,0,0,0,0,0,0,0,0,0,0,0,0,0,0,0,0,0,0,0,0,0,0,0,28072,0.21992709599027946,,<5K
6738,Comunidad de Madrid           ,28,Madrid                        ,073,Humanes de Madrid,19587,19,12751,9940,9838,9775,63,102,2797,1244,2127,1595,1725,0,0,0,0,0,0,0,0,0,0,169,0,0,20,0,51,0,0,15,0,13,0,0,0,10,0,0,0,0,0,9,0,0,0,0,0,0,0,0,0,0,0,0,0,0,0,0,0,0,0,0,0,0,0,0,0,0,0,0,0,0,0,28073,0.2861381074168798,,>5K
6739,Comunidad de Madrid           ,28,Madrid                        ,074,Leganés,188425,238,140582,113723,112489,111713,776,1234,39043,15229,21108,21388,11891,0,0,0,0,0,0,0,0,0,0,1556,0,0,316,0,718,0,0,157,0,106,0,0,0,75,0,0,0,0,0,126,0,0,0,0,0,0,0,0,0,0,0,0,0,0,0,0,0,0,0,0,0,0,0,0,0,0,0,0,0,0,0,28074,0.3494937921280424,,>5K
6740,Comunidad de Madrid           ,28,Madrid                        ,075,Loeches,8673,11,5952,4797,4758,4733,25,39,1139,675,1101,835,817,0,0,0,0,0,0,0,0,0,0,107,0,0,9,0,35,0,0,7,0,2,0,0,0,0,0,0,0,0,0,6,0,0,0,0,0,0,0,0,0,0,0,0,0,0,0,0,0,0,0,0,0,0,0,0,0,0,0,0,0,0,0,28075,0.24065075005282063,,<5K
6741,Comunidad de Madrid           ,28,Madrid                        ,076,Lozoya,559,1,425,354,349,346,3,5,90,94,54,47,56,0,0,0,0,0,0,0,0,0,0,1,0,0,0,0,3,0,0,0,0,0,0,0,0,0,0,0,0,0,0,1,0,0,0,0,0,0,0,0,0,0,0,0,0,0,0,0,0,0,0,0,0,0,0,0,0,0,0,0,0,0,0,28076,0.26011560693641617,,<5K
6742,Comunidad de Madrid           ,28,Madrid                        ,078,Madarcos,47,1,40,37,37,37,0,0,5,13,3,12,4,0,0,0,0,0,0,0,0,0,0,0,0,0,0,0,0,0,0,0,0,0,0,0,0,0,0,0,0,0,0,0,0,0,0,0,0,0,0,0,0,0,0,0,0,0,0,0,0,0,0,0,0,0,0,0,0,0,0,0,0,0,0,28078,0.13513513513513514,,<5K
6743,Comunidad de Madrid           ,28,Madrid                        ,079,Madrid,3223334,3742,2374370,1872679,1859094,1847096,11998,13585,502909,389751,370141,306581,236874,0,0,0,0,0,0,0,0,0,0,21960,0,0,3599,0,8966,0,0,2650,0,1067,0,0,0,972,0,0,0,0,0,1626,0,0,0,0,0,0,0,0,0,0,0,0,0,0,0,0,0,0,0,0,0,0,0,0,0,0,0,0,0,0,0,28079,0.2722700931624561,,>5K
6744,Comunidad de Madrid           ,28,Madrid                        ,080,Majadahonda,71785,85,49802,41938,41705,41457,248,233,7609,11061,10755,3442,7834,0,0,0,0,0,0,0,0,0,0,436,0,0,53,0,149,0,0,50,0,6,0,0,0,33,0,0,0,0,0,29,0,0,0,0,0,0,0,0,0,0,0,0,0,0,0,0,0,0,0,0,0,0,0,0,0,0,0,0,0,0,0,28080,0.18353957112188532,,>5K
6745,Comunidad de Madrid           ,28,Madrid                        ,082,Manzanares el Real,8597,10,6063,4939,4889,4843,46,50,1140,757,933,1165,705,0,0,0,0,0,0,0,0,0,0,68,0,0,19,0,41,0,0,10,0,1,0,0,0,1,0,0,0,0,0,3,0,0,0,0,0,0,0,0,0,0,0,0,0,0,0,0,0,0,0,0,0,0,0,0,0,0,0,0,0,0,0,28082,0.23539128639273177,,<5K
6746,Comunidad de Madrid           ,28,Madrid                        ,083,Meco,13959,15,9665,7794,7737,7681,56,57,1906,964,1985,1211,1383,0,0,0,0,0,0,0,0,0,0,149,0,0,16,0,36,0,0,14,0,3,0,0,0,4,0,0,0,0,0,10,0,0,0,0,0,0,0,0,0,0,0,0,0,0,0,0,0,0,0,0,0,0,0,0,0,0,0,0,0,0,0,28083,0.24814477281603958,,>5K
6747,Comunidad de Madrid           ,28,Madrid                        ,084,Mejorada del Campo,23241,26,16103,12519,12378,12296,82,141,3626,1508,2673,2397,1720,0,0,0,0,0,0,0,0,0,0,233,0,0,25,0,73,0,0,19,0,7,0,0,0,9,0,0,0,0,0,6,0,0,0,0,0,0,0,0,0,0,0,0,0,0,0,0,0,0,0,0,0,0,0,0,0,0,0,0,0,0,0,28084,0.2948926480156148,,>5K
6748,Comunidad de Madrid           ,28,Madrid                        ,085,Miraflores de la Sierra,5897,7,4141,3337,3296,3283,13,41,970,676,563,494,528,0,0,0,0,0,0,0,0,0,0,34,0,0,2,0,8,0,0,3,0,1,0,0,0,1,0,0,0,0,0,3,0,0,0,0,0,0,0,0,0,0,0,0,0,0,0,0,0,0,0,0,0,0,0,0,0,0,0,0,0,0,0,28085,0.2954614681693573,,<5K
6749,Comunidad de Madrid           ,28,Madrid                        ,086,El Molar,8666,8,5390,3992,3936,3910,26,56,1026,687,862,483,743,0,0,0,0,0,0,0,0,0,0,65,0,0,7,0,11,0,0,8,0,5,0,0,0,4,0,0,0,0,0,9,0,0,0,0,0,0,0,0,0,0,0,0,0,0,0,0,0,0,0,0,0,0,0,0,0,0,0,0,0,0,0,28086,0.26240409207161125,,<5K
6750,Comunidad de Madrid           ,28,Madrid                        ,087,Los Molinos,4328,5,3259,2643,2623,2607,16,20,615,622,497,337,496,0,0,0,0,0,0,0,0,0,0,22,0,0,3,0,8,0,0,7,0,0,0,0,0,0,0,0,0,0,0,0,0,0,0,0,0,0,0,0,0,0,0,0,0,0,0,0,0,0,0,0,0,0,0,0,0,0,0,0,0,0,0,28087,0.23590333716915995,,<5K
6751,Comunidad de Madrid           ,28,Madrid                        ,088,Montejo de la Sierra,363,1,286,193,193,191,2,0,67,30,29,45,18,0,0,0,0,0,0,0,0,0,0,0,0,0,2,0,0,0,0,0,0,0,0,0,0,0,0,0,0,0,0,0,0,0,0,0,0,0,0,0,0,0,0,0,0,0,0,0,0,0,0,0,0,0,0,0,0,0,0,0,0,0,0,28088,0.3507853403141361,,<5K
6752,Comunidad de Madrid           ,28,Madrid                        ,089,Moraleja de Enmedio,5021,6,3842,3087,3048,3036,12,39,706,517,674,421,658,0,0,0,0,0,0,0,0,0,0,29,0,0,5,0,17,0,0,3,0,3,0,0,0,1,0,0,0,0,0,2,0,0,0,0,0,0,0,0,0,0,0,0,0,0,0,0,0,0,0,0,0,0,0,0,0,0,0,0,0,0,0,28089,0.23254281949934125,,<5K
6753,Comunidad de Madrid           ,28,Madrid                        ,090,Moralzarzal,12697,14,9128,7590,7516,7462,54,74,1750,1314,1742,1294,1178,0,0,0,0,0,0,0,0,0,0,102,0,0,9,0,55,0,0,8,0,4,0,0,0,4,0,0,0,0,0,2,0,0,0,0,0,0,0,0,0,0,0,0,0,0,0,0,0,0,0,0,0,0,0,0,0,0,0,0,0,0,0,28090,0.23452157598499063,,>5K
6754,Comunidad de Madrid           ,28,Madrid                        ,091,Morata de Tajuña,7553,8,5474,4027,3977,3951,26,50,1173,833,635,612,611,0,0,0,0,0,0,0,0,0,0,50,0,0,2,0,21,0,0,4,0,4,0,0,0,1,0,0,0,0,0,5,0,0,0,0,0,0,0,0,0,0,0,0,0,0,0,0,0,0,0,0,0,0,0,0,0,0,0,0,0,0,0,28091,0.2968868640850418,,<5K
6755,Comunidad de Madrid           ,28,Madrid                        ,092,Móstoles,207095,250,153427,121511,120211,119404,807,1300,37345,18336,24483,20712,15246,0,0,0,0,0,0,0,0,0,0,1977,0,0,248,0,602,0,0,162,0,83,0,0,0,79,0,0,0,0,0,131,0,0,0,0,0,0,0,0,0,0,0,0,0,0,0,0,0,0,0,0,0,0,0,0,0,0,0,0,0,0,0,28092,0.3127617165254095,,>5K
6756,Comunidad de Madrid           ,28,Madrid                        ,093,Navacerrada,2911,3,2142,1751,1728,1719,9,23,384,385,318,188,404,0,0,0,0,0,0,0,0,0,0,21,0,0,2,0,8,0,0,6,0,0,0,0,0,1,0,0,0,0,0,2,0,0,0,0,0,0,0,0,0,0,0,0,0,0,0,0,0,0,0,0,0,0,0,0,0,0,0,0,0,0,0,28093,0.22338568935427575,,<5K
6757,Comunidad de Madrid           ,28,Madrid                        ,094,Navalafuente,1397,2,959,736,729,723,6,7,160,110,128,172,131,0,0,0,0,0,0,0,0,0,0,18,0,0,1,0,1,0,0,0,0,0,0,0,0,1,0,0,0,0,0,1,0,0,0,0,0,0,0,0,0,0,0,0,0,0,0,0,0,0,0,0,0,0,0,0,0,0,0,0,0,0,0,28094,0.22130013831258644,,<5K
6758,Comunidad de Madrid           ,28,Madrid                        ,095,Navalagamella,2601,3,1677,1310,1293,1289,4,17,311,246,219,207,274,0,0,0,0,0,0,0,0,0,0,25,0,0,0,0,5,0,0,0,0,0,0,0,0,1,0,0,0,0,0,1,0,0,0,0,0,0,0,0,0,0,0,0,0,0,0,0,0,0,0,0,0,0,0,0,0,0,0,0,0,0,0,28095,0.24127230411171452,,<5K
6759,Comunidad de Madrid           ,28,Madrid                        ,096,Navalcarnero,28305,31,19810,15584,15392,15274,118,192,3882,2409,3552,2084,2969,0,0,0,0,0,0,0,0,0,0,243,0,0,28,0,55,0,0,17,0,17,0,0,0,3,0,0,0,0,0,15,0,0,0,0,0,0,0,0,0,0,0,0,0,0,0,0,0,0,0,0,0,0,0,0,0,0,0,0,0,0,0,28096,0.25415739164593426,,>5K
6760,Comunidad de Madrid           ,28,Madrid                        ,097,Navarredonda y San Mamés,122,1,125,100,100,100,0,0,42,12,12,24,8,0,0,0,0,0,0,0,0,0,0,0,0,0,0,0,1,0,0,1,0,0,0,0,0,0,0,0,0,0,0,0,0,0,0,0,0,0,0,0,0,0,0,0,0,0,0,0,0,0,0,0,0,0,0,0,0,0,0,0,0,0,0,28097,0.42,,<5K
6761,Comunidad de Madrid           ,28,Madrid                        ,099,Navas del Rey,2819,3,1923,1490,1475,1468,7,15,320,321,294,160,346,0,0,0,0,0,0,0,0,0,0,20,0,0,3,0,3,0,0,0,0,0,0,0,0,0,0,0,0,0,0,1,0,0,0,0,0,0,0,0,0,0,0,0,0,0,0,0,0,0,0,0,0,0,0,0,0,0,0,0,0,0,0,28099,0.21798365122615804,,<5K
6762,Comunidad de Madrid           ,28,Madrid                        ,100,Nuevo Baztán,6154,7,4409,3425,3382,3362,20,43,732,477,689,707,653,0,0,0,0,0,0,0,0,0,0,79,0,0,3,0,8,0,0,5,0,1,0,0,0,2,0,0,0,0,0,6,0,0,0,0,0,0,0,0,0,0,0,0,0,0,0,0,0,0,0,0,0,0,0,0,0,0,0,0,0,0,0,28100,0.21772754312908982,,<5K
6763,Comunidad de Madrid           ,28,Madrid                        ,101,Olmeda de las Fuentes,346,1,229,183,182,180,2,1,36,37,46,36,19,0,0,0,0,0,0,0,0,0,0,5,0,0,1,0,0,0,0,0,0,0,0,0,0,0,0,0,0,0,0,0,0,0,0,0,0,0,0,0,0,0,0,0,0,0,0,0,0,0,0,0,0,0,0,0,0,0,0,0,0,0,0,28101,0.2,,<5K
6764,Comunidad de Madrid           ,28,Madrid                        ,102,Orusco de Tajuña,1202,1,891,681,666,662,4,15,260,105,104,103,80,0,0,0,0,0,0,0,0,0,0,8,0,0,1,0,1,0,0,0,0,0,0,0,0,0,0,0,0,0,0,0,0,0,0,0,0,0,0,0,0,0,0,0,0,0,0,0,0,0,0,0,0,0,0,0,0,0,0,0,0,0,0,28102,0.39274924471299094,,<5K
6765,Comunidad de Madrid           ,28,Madrid                        ,104,Paracuellos de Jarama,24521,26,15318,12897,12797,12710,87,100,2625,1965,3786,1657,2377,0,0,0,0,0,0,0,0,0,0,179,0,0,21,0,70,0,0,9,0,6,0,0,0,4,0,0,0,0,0,11,0,0,0,0,0,0,0,0,0,0,0,0,0,0,0,0,0,0,0,0,0,0,0,0,0,0,0,0,0,0,0,28104,0.20653029110936272,,>5K
6766,Comunidad de Madrid           ,28,Madrid                        ,106,Parla,128256,130,78431,59182,58471,58054,417,711,18771,6065,11391,11495,8181,0,0,0,0,0,0,0,0,0,0,1244,0,0,169,0,436,0,0,101,0,53,0,0,0,62,0,0,0,0,0,86,0,0,0,0,0,0,0,0,0,0,0,0,0,0,0,0,0,0,0,0,0,0,0,0,0,0,0,0,0,0,0,28106,0.3233368932373308,,>5K
6767,Comunidad de Madrid           ,28,Madrid                        ,107,Patones,523,1,442,336,325,322,3,11,116,58,61,36,45,0,0,0,0,0,0,0,0,0,0,4,0,0,1,0,0,0,0,0,0,1,0,0,0,0,0,0,0,0,0,0,0,0,0,0,0,0,0,0,0,0,0,0,0,0,0,0,0,0,0,0,0,0,0,0,0,0,0,0,0,0,0,28107,0.36024844720496896,,<5K
6768,Comunidad de Madrid           ,28,Madrid                        ,108,Pedrezuela,5746,6,3642,2878,2841,2825,16,37,654,426,654,496,518,0,0,0,0,0,0,0,0,0,0,48,0,0,6,0,9,0,0,5,0,4,0,0,0,0,0,0,0,0,0,5,0,0,0,0,0,0,0,0,0,0,0,0,0,0,0,0,0,0,0,0,0,0,0,0,0,0,0,0,0,0,0,28108,0.23150442477876107,,<5K
6769,Comunidad de Madrid           ,28,Madrid                        ,109,Pelayos de la Presa,2475,2,1622,1205,1192,1189,3,13,219,294,245,164,229,0,0,0,0,0,0,0,0,0,0,26,0,0,5,0,2,0,0,3,0,0,0,0,0,0,0,0,0,0,0,2,0,0,0,0,0,0,0,0,0,0,0,0,0,0,0,0,0,0,0,0,0,0,0,0,0,0,0,0,0,0,0,28109,0.184188393608074,,<5K
6770,Comunidad de Madrid           ,28,Madrid                        ,110,Perales de Tajuña,2831,3,2003,1596,1571,1564,7,25,527,336,247,178,256,0,0,0,0,0,0,0,0,0,0,13,0,0,2,0,3,0,0,0,0,1,0,0,0,0,0,0,0,0,0,1,0,0,0,0,0,0,0,0,0,0,0,0,0,0,0,0,0,0,0,0,0,0,0,0,0,0,0,0,0,0,0,28110,0.33695652173913043,,<5K
6771,Comunidad de Madrid           ,28,Madrid                        ,111,Pezuela de las Torres,821,1,622,492,487,486,1,5,129,112,95,70,71,0,0,0,0,0,0,0,0,0,0,3,0,0,0,0,3,0,0,1,0,0,0,0,0,1,0,0,0,0,0,1,0,0,0,0,0,0,0,0,0,0,0,0,0,0,0,0,0,0,0,0,0,0,0,0,0,0,0,0,0,0,0,28111,0.2654320987654321,,<5K
6772,Comunidad de Madrid           ,28,Madrid                        ,112,Pinilla del Valle,187,1,154,137,137,136,1,0,46,22,28,13,25,0,0,0,0,0,0,0,0,0,0,1,0,0,1,0,0,0,0,0,0,0,0,0,0,0,0,0,0,0,0,0,0,0,0,0,0,0,0,0,0,0,0,0,0,0,0,0,0,0,0,0,0,0,0,0,0,0,0,0,0,0,0,28112,0.3382352941176471,,<5K
6773,Comunidad de Madrid           ,28,Madrid                        ,113,Pinto,51541,59,36716,29939,29607,29383,224,332,8762,3744,6555,5401,4054,0,0,0,0,0,0,0,0,0,0,539,0,0,57,0,187,0,0,30,0,22,0,0,0,11,0,0,0,0,0,21,0,0,0,0,0,0,0,0,0,0,0,0,0,0,0,0,0,0,0,0,0,0,0,0,0,0,0,0,0,0,0,28113,0.29819963924718373,,>5K
6774,Comunidad de Madrid           ,28,Madrid                        ,114,Piñuécar-Gandullas,171,1,143,104,104,104,0,0,16,34,16,19,18,0,0,0,0,0,0,0,0,0,0,0,0,0,0,0,1,0,0,0,0,0,0,0,0,0,0,0,0,0,0,0,0,0,0,0,0,0,0,0,0,0,0,0,0,0,0,0,0,0,0,0,0,0,0,0,0,0,0,0,0,0,0,28114,0.15384615384615385,,<5K
6775,Comunidad de Madrid           ,28,Madrid                        ,115,Pozuelo de Alarcón,86172,100,62352,53136,52912,52644,268,224,8910,15643,13143,3695,10474,0,0,0,0,0,0,0,0,0,0,465,0,0,43,0,175,0,0,50,0,9,0,0,0,10,0,0,0,0,0,27,0,0,0,0,0,0,0,0,0,0,0,0,0,0,0,0,0,0,0,0,0,0,0,0,0,0,0,0,0,0,0,28115,0.16925005698655118,,>5K
6776,Comunidad de Madrid           ,28,Madrid                        ,116,Pozuelo del Rey,1120,1,759,621,618,611,7,3,148,97,138,100,111,0,0,0,0,0,0,0,0,0,0,10,0,0,1,0,6,0,0,0,0,0,0,0,0,0,0,0,0,0,0,0,0,0,0,0,0,0,0,0,0,0,0,0,0,0,0,0,0,0,0,0,0,0,0,0,0,0,0,0,0,0,0,28116,0.24222585924713586,,<5K
6777,Comunidad de Madrid           ,28,Madrid                        ,117,Prádena del Rincón,117,1,98,89,87,85,2,2,18,27,15,17,4,0,0,0,0,0,0,0,0,0,0,2,0,0,0,0,2,0,0,0,0,0,0,0,0,0,0,0,0,0,0,0,0,0,0,0,0,0,0,0,0,0,0,0,0,0,0,0,0,0,0,0,0,0,0,0,0,0,0,0,0,0,0,28117,0.21176470588235294,,<5K
6778,Comunidad de Madrid           ,28,Madrid                        ,118,Puebla de la Sierra,60,1,61,52,51,51,0,1,14,13,3,7,12,0,0,0,0,0,0,0,0,0,0,0,0,0,0,0,2,0,0,0,0,0,0,0,0,0,0,0,0,0,0,0,0,0,0,0,0,0,0,0,0,0,0,0,0,0,0,0,0,0,0,0,0,0,0,0,0,0,0,0,0,0,0,28118,0.27450980392156865,,<5K
6779,Comunidad de Madrid           ,28,Madrid                        ,119,Quijorna,3357,4,2245,1839,1821,1811,10,18,365,374,428,241,367,0,0,0,0,0,0,0,0,0,0,17,0,0,2,0,10,0,0,2,0,1,0,0,0,0,0,0,0,0,0,4,0,0,0,0,0,0,0,0,0,0,0,0,0,0,0,0,0,0,0,0,0,0,0,0,0,0,0,0,0,0,0,28119,0.2015461071231364,,<5K
6780,Comunidad de Madrid           ,28,Madrid                        ,120,Rascafría,1663,2,1209,991,974,971,3,17,297,171,196,110,184,0,0,0,0,0,0,0,0,0,0,5,0,0,0,0,3,0,0,2,0,3,0,0,0,0,0,0,0,0,0,0,0,0,0,0,0,0,0,0,0,0,0,0,0,0,0,0,0,0,0,0,0,0,0,0,0,0,0,0,0,0,0,28120,0.305870236869207,,<5K
6781,Comunidad de Madrid           ,28,Madrid                        ,121,Redueña,247,1,205,166,165,164,1,1,59,41,20,14,26,0,0,0,0,0,0,0,0,0,0,0,0,0,0,0,1,0,0,1,0,0,0,0,0,0,0,0,0,0,0,2,0,0,0,0,0,0,0,0,0,0,0,0,0,0,0,0,0,0,0,0,0,0,0,0,0,0,0,0,0,0,0,28121,0.3597560975609756,,<5K
6782,Comunidad de Madrid           ,28,Madrid                        ,122,Ribatejada,706,1,570,457,448,445,3,9,110,58,93,53,112,0,0,0,0,0,0,0,0,0,0,15,0,0,0,0,3,0,0,0,0,0,0,0,0,0,0,0,0,0,0,1,0,0,0,0,0,0,0,0,0,0,0,0,0,0,0,0,0,0,0,0,0,0,0,0,0,0,0,0,0,0,0,28122,0.24719101123595505,,<5K
6783,Comunidad de Madrid           ,28,Madrid                        ,123,Rivas-Vaciamadrid,85893,95,61102,52177,51832,51494,338,345,14718,4771,11467,13580,5584,0,0,0,0,0,0,0,0,0,0,745,0,0,87,0,395,0,0,60,0,18,0,0,0,31,0,0,0,0,0,38,0,0,0,0,0,0,0,0,0,0,0,0,0,0,0,0,0,0,0,0,0,0,0,0,0,0,0,0,0,0,0,28123,0.2858197071503476,,>5K
6784,Comunidad de Madrid           ,28,Madrid                        ,124,Robledillo de la Jara,87,1,59,52,52,52,0,0,11,13,15,8,5,0,0,0,0,0,0,0,0,0,0,0,0,0,0,0,0,0,0,0,0,0,0,0,0,0,0,0,0,0,0,0,0,0,0,0,0,0,0,0,0,0,0,0,0,0,0,0,0,0,0,0,0,0,0,0,0,0,0,0,0,0,0,28124,0.21153846153846154,,<5K
6785,Comunidad de Madrid           ,28,Madrid                        ,125,Robledo de Chavela,4159,5,3216,2459,2444,2433,11,15,534,503,435,341,544,0,0,0,0,0,0,0,0,0,0,49,0,0,6,0,14,0,0,2,0,2,0,0,0,2,0,0,0,0,0,1,0,0,0,0,0,0,0,0,0,0,0,0,0,0,0,0,0,0,0,0,0,0,0,0,0,0,0,0,0,0,0,28125,0.21948212083847102,,<5K
6786,Comunidad de Madrid           ,28,Madrid                        ,126,Robregordo,48,1,47,35,35,35,0,0,12,8,2,4,6,0,0,0,0,0,0,0,0,0,0,2,0,0,0,0,0,0,0,0,0,1,0,0,0,0,0,0,0,0,0,0,0,0,0,0,0,0,0,0,0,0,0,0,0,0,0,0,0,0,0,0,0,0,0,0,0,0,0,0,0,0,0,28126,0.34285714285714286,,<5K
6787,Comunidad de Madrid           ,28,Madrid                        ,127,Las Rozas de Madrid,95550,107,66439,56199,55932,55605,327,267,10178,13039,15338,5141,10837,0,0,0,0,0,0,0,0,0,0,678,0,0,87,0,186,0,0,60,0,9,0,0,0,12,0,0,0,0,0,40,0,0,0,0,0,0,0,0,0,0,0,0,0,0,0,0,0,0,0,0,0,0,0,0,0,0,0,0,0,0,0,28127,0.1830410934268501,,>5K
6788,Comunidad de Madrid           ,28,Madrid                        ,128,Rozas de Puerto Real,527,1,445,352,352,350,2,0,116,82,61,38,45,0,0,0,0,0,0,0,0,0,0,6,0,0,0,0,1,0,0,0,0,0,0,0,0,0,0,0,0,0,0,1,0,0,0,0,0,0,0,0,0,0,0,0,0,0,0,0,0,0,0,0,0,0,0,0,0,0,0,0,0,0,0,28128,0.3314285714285714,,<5K
6789,Comunidad de Madrid           ,28,Madrid                        ,129,San Agustín del Guadalix,13273,13,8577,6925,6853,6808,45,72,1553,1197,1848,873,1165,0,0,0,0,0,0,0,0,0,0,113,0,0,11,0,29,0,0,11,0,3,0,0,0,2,0,0,0,0,0,3,0,0,0,0,0,0,0,0,0,0,0,0,0,0,0,0,0,0,0,0,0,0,0,0,0,0,0,0,0,0,0,28129,0.22811398354876616,,>5K
6790,Comunidad de Madrid           ,28,Madrid                        ,130,San Fernando de Henares,39466,46,28508,23566,23305,23126,179,261,7480,2608,5065,4492,2641,0,0,0,0,0,0,0,0,0,0,415,0,0,43,0,291,0,0,29,0,24,0,0,0,14,0,0,0,0,0,24,0,0,0,0,0,0,0,0,0,0,0,0,0,0,0,0,0,0,0,0,0,0,0,0,0,0,0,0,0,0,0,28130,0.32344547262821066,,>5K
6791,Comunidad de Madrid           ,28,Madrid                        ,131,San Lorenzo de El Escorial,18088,22,13432,10500,10387,10306,81,113,2482,2048,2120,1586,1830,0,0,0,0,0,0,0,0,0,0,147,0,0,18,0,41,0,0,10,0,5,0,0,0,4,0,0,0,0,0,15,0,0,0,0,0,0,0,0,0,0,0,0,0,0,0,0,0,0,0,0,0,0,0,0,0,0,0,0,0,0,0,28131,0.24083058412575198,,>5K
6792,Comunidad de Madrid           ,28,Madrid                        ,132,San Martín de la Vega,18784,18,12068,9067,8954,8891,63,113,2808,1068,1663,1480,1582,0,0,0,0,0,0,0,0,0,0,195,0,0,18,0,36,0,0,24,0,5,0,0,0,6,0,0,0,0,0,6,0,0,0,0,0,0,0,0,0,0,0,0,0,0,0,0,0,0,0,0,0,0,0,0,0,0,0,0,0,0,0,28132,0.31582499156450344,,>5K
6793,Comunidad de Madrid           ,28,Madrid                        ,133,San Martín de Valdeiglesias,8318,10,6116,4581,4486,4464,22,95,1298,966,704,601,788,0,0,0,0,0,0,0,0,0,0,73,0,0,3,0,13,0,0,7,0,4,0,0,0,5,0,0,0,0,0,2,0,0,0,0,0,0,0,0,0,0,0,0,0,0,0,0,0,0,0,0,0,0,0,0,0,0,0,0,0,0,0,28133,0.2907706093189964,,<5K
6794,Comunidad de Madrid           ,28,Madrid                        ,134,San Sebastián de los Reyes,87724,100,63353,51185,50776,50440,336,409,13704,7992,12399,8133,6905,0,0,0,0,0,0,0,0,0,0,712,0,0,116,0,289,0,0,82,0,31,0,0,0,28,0,0,0,0,0,49,0,0,0,0,0,0,0,0,0,0,0,0,0,0,0,0,0,0,0,0,0,0,0,0,0,0,0,0,0,0,0,28134,0.27168913560666136,,>5K
6795,Comunidad de Madrid           ,28,Madrid                        ,135,Santa María de la Alameda,1182,2,985,762,756,755,1,6,169,168,115,138,148,0,0,0,0,0,0,0,0,0,0,10,0,0,0,0,5,0,0,2,0,0,0,0,0,0,0,0,0,0,0,0,0,0,0,0,0,0,0,0,0,0,0,0,0,0,0,0,0,0,0,0,0,0,0,0,0,0,0,0,0,0,0,28135,0.223841059602649,,<5K
6796,Comunidad de Madrid           ,28,Madrid                        ,136,Santorcaz,850,1,680,569,563,563,0,6,162,119,91,62,125,0,0,0,0,0,0,0,0,0,0,3,0,0,0,0,1,0,0,0,0,0,0,0,0,0,0,0,0,0,0,0,0,0,0,0,0,0,0,0,0,0,0,0,0,0,0,0,0,0,0,0,0,0,0,0,0,0,0,0,0,0,0,28136,0.2877442273534636,,<5K
6797,Comunidad de Madrid           ,28,Madrid                        ,137,Los Santos de la Humosa,2542,3,1744,1385,1366,1358,8,19,348,215,257,185,308,0,0,0,0,0,0,0,0,0,0,27,0,0,1,0,8,0,0,5,0,1,0,0,0,0,0,0,0,0,0,3,0,0,0,0,0,0,0,0,0,0,0,0,0,0,0,0,0,0,0,0,0,0,0,0,0,0,0,0,0,0,0,28137,0.25625920471281294,,<5K
6798,Comunidad de Madrid           ,28,Madrid                        ,138,La Serna del Monte,74,1,63,49,49,49,0,0,7,13,12,12,5,0,0,0,0,0,0,0,0,0,0,0,0,0,0,0,0,0,0,0,0,0,0,0,0,0,0,0,0,0,0,0,0,0,0,0,0,0,0,0,0,0,0,0,0,0,0,0,0,0,0,0,0,0,0,0,0,0,0,0,0,0,0,28138,0.14285714285714285,,<5K
6799,Comunidad de Madrid           ,28,Madrid                        ,140,Serranillos del Valle,4066,5,3139,2547,2523,2511,12,24,522,414,499,381,613,0,0,0,0,0,0,0,0,0,0,52,0,0,7,0,18,0,0,1,0,0,0,0,0,1,0,0,0,0,0,3,0,0,0,0,0,0,0,0,0,0,0,0,0,0,0,0,0,0,0,0,0,0,0,0,0,0,0,0,0,0,0,28140,0.2078853046594982,,<5K
6800,Comunidad de Madrid           ,28,Madrid                        ,141,Sevilla la Nueva,9095,9,6245,4943,4890,4846,44,53,1002,826,1191,715,967,0,0,0,0,0,0,0,0,0,0,99,0,0,7,0,22,0,0,4,0,4,0,0,0,2,0,0,0,0,0,7,0,0,0,0,0,0,0,0,0,0,0,0,0,0,0,0,0,0,0,0,0,0,0,0,0,0,0,0,0,0,0,28141,0.20676846884028063,,<5K
6801,Comunidad de Madrid           ,28,Madrid                        ,143,Somosierra,80,1,77,62,62,62,0,0,16,16,15,7,7,0,0,0,0,0,0,0,0,0,0,0,0,0,0,0,0,0,0,0,0,1,0,0,0,0,0,0,0,0,0,0,0,0,0,0,0,0,0,0,0,0,0,0,0,0,0,0,0,0,0,0,0,0,0,0,0,0,0,0,0,0,0,28143,0.25806451612903225,,<5K
6802,Comunidad de Madrid           ,28,Madrid                        ,144,Soto del Real,8694,10,6426,5274,5222,5187,35,52,1273,1000,1118,713,959,0,0,0,0,0,0,0,0,0,0,80,0,0,5,0,21,0,0,10,0,4,0,0,0,1,0,0,0,0,0,3,0,0,0,0,0,0,0,0,0,0,0,0,0,0,0,0,0,0,0,0,0,0,0,0,0,0,0,0,0,0,0,28144,0.2454212454212454,,>5K
6803,Comunidad de Madrid           ,28,Madrid                        ,145,Talamanca de Jarama,3725,4,2640,2014,1987,1976,11,27,595,278,413,317,314,0,0,0,0,0,0,0,0,0,0,36,0,0,3,0,9,0,0,4,0,1,0,0,0,1,0,0,0,0,0,5,0,0,0,0,0,0,0,0,0,0,0,0,0,0,0,0,0,0,0,0,0,0,0,0,0,0,0,0,0,0,0,28145,0.30111336032388664,,<5K
6804,Comunidad de Madrid           ,28,Madrid                        ,146,Tielmes,2604,3,1792,1308,1293,1285,8,15,419,298,204,144,217,0,0,0,0,0,0,0,0,0,0,1,0,0,1,0,0,0,0,1,0,0,0,0,0,0,0,0,0,0,0,0,0,0,0,0,0,0,0,0,0,0,0,0,0,0,0,0,0,0,0,0,0,0,0,0,0,0,0,0,0,0,0,28146,0.32607003891050584,,<5K
6805,Comunidad de Madrid           ,28,Madrid                        ,147,Titulcia,1304,2,991,779,769,767,2,10,238,135,109,113,148,0,0,0,0,0,0,0,0,0,0,12,0,0,2,0,8,0,0,2,0,0,0,0,0,0,0,0,0,0,0,0,0,0,0,0,0,0,0,0,0,0,0,0,0,0,0,0,0,0,0,0,0,0,0,0,0,0,0,0,0,0,0,28147,0.31029986962190353,,<5K
6806,Comunidad de Madrid           ,28,Madrid                        ,148,Torrejón de Ardoz,129729,147,88648,70218,69546,68976,570,672,20068,10894,15701,11637,8648,0,0,0,0,0,0,0,0,0,0,1126,0,0,146,0,454,0,0,103,0,56,0,0,0,47,0,0,0,0,0,96,0,0,0,0,0,0,0,0,0,0,0,0,0,0,0,0,0,0,0,0,0,0,0,0,0,0,0,0,0,0,0,28148,0.2909417768499188,,>5K
6807,Comunidad de Madrid           ,28,Madrid                        ,149,Torrejón de la Calzada,8582,10,6173,5089,5038,5007,31,51,1183,689,1239,770,996,0,0,0,0,0,0,0,0,0,0,76,0,0,13,0,26,0,0,5,0,2,0,0,0,3,0,0,0,0,0,5,0,0,0,0,0,0,0,0,0,0,0,0,0,0,0,0,0,0,0,0,0,0,0,0,0,0,0,0,0,0,0,28149,0.23626922308767725,,>5K
6808,Comunidad de Madrid           ,28,Madrid                        ,150,Torrejón de Velasco,4298,6,3187,2640,2604,2584,20,36,512,507,534,415,562,0,0,0,0,0,0,0,0,0,0,27,0,0,6,0,7,0,0,5,0,1,0,0,0,3,0,0,0,0,0,5,0,0,0,0,0,0,0,0,0,0,0,0,0,0,0,0,0,0,0,0,0,0,0,0,0,0,0,0,0,0,0,28150,0.19814241486068113,,<5K
6809,Comunidad de Madrid           ,28,Madrid                        ,151,Torrelaguna,4724,6,3251,2483,2450,2439,11,33,718,401,537,353,382,0,0,0,0,0,0,0,0,0,0,30,0,0,3,0,7,0,0,3,0,0,0,0,0,2,0,0,0,0,0,3,0,0,0,0,0,0,0,0,0,0,0,0,0,0,0,0,0,0,0,0,0,0,0,0,0,0,0,0,0,0,0,28151,0.2943829438294383,,<5K
6810,Comunidad de Madrid           ,28,Madrid                        ,152,Torrelodones,23361,27,16838,14205,14151,14064,87,54,2523,3033,3771,1512,2940,0,0,0,0,0,0,0,0,0,0,196,0,0,24,0,38,0,0,14,0,5,0,0,0,3,0,0,0,0,0,5,0,0,0,0,0,0,0,0,0,0,0,0,0,0,0,0,0,0,0,0,0,0,0,0,0,0,0,0,0,0,0,28152,0.17939419795221842,,>5K
6811,Comunidad de Madrid           ,28,Madrid                        ,153,Torremocha de Jarama,975,1,795,566,564,559,5,2,143,68,86,174,69,0,0,0,0,0,0,0,0,0,0,4,0,0,0,0,6,0,0,7,0,1,0,0,0,1,0,0,0,0,0,0,0,0,0,0,0,0,0,0,0,0,0,0,0,0,0,0,0,0,0,0,0,0,0,0,0,0,0,0,0,0,0,28153,0.2558139534883721,,<5K
6812,Comunidad de Madrid           ,28,Madrid                        ,154,Torres de la Alameda,7760,9,5525,4283,4222,4198,24,61,1275,681,823,568,753,0,0,0,0,0,0,0,0,0,0,70,0,0,6,0,11,0,0,3,0,1,0,0,0,2,0,0,0,0,0,5,0,0,0,0,0,0,0,0,0,0,0,0,0,0,0,0,0,0,0,0,0,0,0,0,0,0,0,0,0,0,0,28154,0.30371605526441164,,<5K
6813,Comunidad de Madrid           ,28,Madrid                        ,155,Valdaracete,626,1,485,414,409,409,0,5,178,88,59,32,51,0,0,0,0,0,0,0,0,0,0,0,0,0,0,0,1,0,0,0,0,0,0,0,0,0,0,0,0,0,0,0,0,0,0,0,0,0,0,0,0,0,0,0,0,0,0,0,0,0,0,0,0,0,0,0,0,0,0,0,0,0,0,28155,0.4352078239608802,,<5K
6814,Comunidad de Madrid           ,28,Madrid                        ,156,Valdeavero,1510,2,1084,885,880,874,6,5,233,146,174,126,162,0,0,0,0,0,0,0,0,0,0,21,0,0,4,0,7,0,0,1,0,0,0,0,0,0,0,0,0,0,0,0,0,0,0,0,0,0,0,0,0,0,0,0,0,0,0,0,0,0,0,0,0,0,0,0,0,0,0,0,0,0,0,28156,0.2665903890160183,,<5K
6815,Comunidad de Madrid           ,28,Madrid                        ,157,Valdelaguna,903,1,682,530,516,515,1,14,139,118,85,53,110,0,0,0,0,0,0,0,0,0,0,7,0,0,1,0,2,0,0,0,0,0,0,0,0,0,0,0,0,0,0,0,0,0,0,0,0,0,0,0,0,0,0,0,0,0,0,0,0,0,0,0,0,0,0,0,0,0,0,0,0,0,0,28157,0.26990291262135924,,<5K
6816,Comunidad de Madrid           ,28,Madrid                        ,158,Valdemanco,927,1,678,547,540,539,1,7,83,147,107,88,106,0,0,0,0,0,0,0,0,0,0,8,0,0,0,0,0,0,0,0,0,0,0,0,0,0,0,0,0,0,0,0,0,0,0,0,0,0,0,0,0,0,0,0,0,0,0,0,0,0,0,0,0,0,0,0,0,0,0,0,0,0,0,28158,0.15398886827458255,,<5K
6817,Comunidad de Madrid           ,28,Madrid                        ,159,Valdemaqueda,761,1,594,493,491,486,5,2,125,129,87,49,84,0,0,0,0,0,0,0,0,0,0,8,0,0,0,0,3,0,0,0,0,1,0,0,0,0,0,0,0,0,0,0,0,0,0,0,0,0,0,0,0,0,0,0,0,0,0,0,0,0,0,0,0,0,0,0,0,0,0,0,0,0,0,28159,0.257201646090535,,<5K
6818,Comunidad de Madrid           ,28,Madrid                        ,160,Valdemorillo,12280,12,8630,6922,6856,6822,34,66,1463,1257,1556,1024,1338,0,0,0,0,0,0,0,0,0,0,113,0,0,19,0,36,0,0,5,0,4,0,0,0,1,0,0,0,0,0,6,0,0,0,0,0,0,0,0,0,0,0,0,0,0,0,0,0,0,0,0,0,0,0,0,0,0,0,0,0,0,0,28160,0.2144532395192026,,>5K
6819,Comunidad de Madrid           ,28,Madrid                        ,161,Valdemoro,74745,83,51560,41390,40922,40667,255,468,9694,5358,9892,6264,8251,0,0,0,0,0,0,0,0,0,0,701,0,0,89,0,268,0,0,43,0,30,0,0,0,20,0,0,0,0,0,57,0,0,0,0,0,0,0,0,0,0,0,0,0,0,0,0,0,0,0,0,0,0,0,0,0,0,0,0,0,0,0,28161,0.2383750952861042,,>5K
6820,Comunidad de Madrid           ,28,Madrid                        ,162,Valdeolmos-Alalpardo,4039,4,2771,2264,2243,2237,6,21,421,430,590,249,495,0,0,0,0,0,0,0,0,0,0,34,0,0,6,0,7,0,0,0,0,3,0,0,0,0,0,0,0,0,0,2,0,0,0,0,0,0,0,0,0,0,0,0,0,0,0,0,0,0,0,0,0,0,0,0,0,0,0,0,0,0,0,28162,0.18819848010728654,,<5K
6821,Comunidad de Madrid           ,28,Madrid                        ,163,Valdepiélagos,574,1,429,361,345,341,4,16,111,62,46,63,41,0,0,0,0,0,0,0,0,0,0,10,0,0,2,0,4,0,0,1,0,0,0,0,0,0,0,0,0,0,0,1,0,0,0,0,0,0,0,0,0,0,0,0,0,0,0,0,0,0,0,0,0,0,0,0,0,0,0,0,0,0,0,28163,0.3255131964809384,,<5K
6822,Comunidad de Madrid           ,28,Madrid                        ,164,Valdetorres de Jarama,4384,5,3202,2553,2530,2511,19,23,581,391,574,313,578,0,0,0,0,0,0,0,0,0,0,45,0,0,4,0,17,0,0,2,0,4,0,0,0,0,0,0,0,0,0,2,0,0,0,0,0,0,0,0,0,0,0,0,0,0,0,0,0,0,0,0,0,0,0,0,0,0,0,0,0,0,0,28164,0.23138191955396256,,<5K
6823,Comunidad de Madrid           ,28,Madrid                        ,165,Valdilecha,2840,3,1910,1443,1430,1419,11,13,329,383,265,124,297,0,0,0,0,0,0,0,0,0,0,6,0,0,2,0,2,0,0,1,0,5,0,0,0,2,0,0,0,0,0,3,0,0,0,0,0,0,0,0,0,0,0,0,0,0,0,0,0,0,0,0,0,0,0,0,0,0,0,0,0,0,0,28165,0.23185341789992953,,<5K
6824,Comunidad de Madrid           ,28,Madrid                        ,166,Valverde de Alcalá,432,1,347,287,286,285,1,1,85,52,58,46,44,0,0,0,0,0,0,0,0,0,0,0,0,0,0,0,0,0,0,0,0,0,0,0,0,0,0,0,0,0,0,0,0,0,0,0,0,0,0,0,0,0,0,0,0,0,0,0,0,0,0,0,0,0,0,0,0,0,0,0,0,0,0,28166,0.2982456140350877,,<5K
6825,Comunidad de Madrid           ,28,Madrid                        ,167,Velilla de San Antonio,12193,12,8609,7086,7015,6967,48,71,2017,804,1678,1279,996,0,0,0,0,0,0,0,0,0,0,126,0,0,13,0,29,0,0,5,0,4,0,0,0,2,0,0,0,0,0,14,0,0,0,0,0,0,0,0,0,0,0,0,0,0,0,0,0,0,0,0,0,0,0,0,0,0,0,0,0,0,0,28167,0.28950767905841823,,>5K
6826,Comunidad de Madrid           ,28,Madrid                        ,168,El Vellón,1942,2,1329,976,969,966,3,7,245,195,162,145,196,0,0,0,0,0,0,0,0,0,0,17,0,0,1,0,3,0,0,1,0,0,0,0,0,1,0,0,0,0,0,0,0,0,0,0,0,0,0,0,0,0,0,0,0,0,0,0,0,0,0,0,0,0,0,0,0,0,0,0,0,0,0,28168,0.2536231884057971,,<5K
6827,Comunidad de Madrid           ,28,Madrid                        ,169,Venturada,2081,2,1553,1280,1273,1258,15,7,227,211,339,158,296,0,0,0,0,0,0,0,0,0,0,20,0,0,2,0,3,0,0,1,0,0,0,0,0,0,0,0,0,0,0,1,0,0,0,0,0,0,0,0,0,0,0,0,0,0,0,0,0,0,0,0,0,0,0,0,0,0,0,0,0,0,0,28169,0.18044515103338632,,<5K
6828,Comunidad de Madrid           ,28,Madrid                        ,170,Villaconejos,3363,4,2488,1840,1810,1800,10,30,511,314,348,252,352,0,0,0,0,0,0,0,0,0,0,17,0,0,3,0,3,0,0,0,0,0,0,0,0,0,0,0,0,0,0,0,0,0,0,0,0,0,0,0,0,0,0,0,0,0,0,0,0,0,0,0,0,0,0,0,0,0,0,0,0,0,0,28170,0.2838888888888889,,<5K
6829,Comunidad de Madrid           ,28,Madrid                        ,171,Villa del Prado,6409,8,4382,3202,3134,3123,11,68,819,822,518,348,580,0,0,0,0,0,0,0,0,0,0,22,0,0,3,0,5,0,0,2,0,3,0,0,0,0,0,0,0,0,0,1,0,0,0,0,0,0,0,0,0,0,0,0,0,0,0,0,0,0,0,0,0,0,0,0,0,0,0,0,0,0,0,28171,0.2622478386167147,,<5K
6830,Comunidad de Madrid           ,28,Madrid                        ,172,Villalbilla,13421,15,9751,7994,7928,7890,38,66,1489,1257,2134,1062,1694,0,0,0,0,0,0,0,0,0,0,173,0,0,12,0,42,0,0,10,0,6,0,0,0,0,0,0,0,0,0,11,0,0,0,0,0,0,0,0,0,0,0,0,0,0,0,0,0,0,0,0,0,0,0,0,0,0,0,0,0,0,0,28172,0.18871989860583016,,>5K
6831,Comunidad de Madrid           ,28,Madrid                        ,173,Villamanrique de Tajo,699,1,519,417,412,408,4,5,140,87,61,39,78,0,0,0,0,0,0,0,0,0,0,3,0,0,0,0,0,0,0,0,0,0,0,0,0,0,0,0,0,0,0,0,0,0,0,0,0,0,0,0,0,0,0,0,0,0,0,0,0,0,0,0,0,0,0,0,0,0,0,0,0,0,0,28173,0.3431372549019608,,<5K
6832,Comunidad de Madrid           ,28,Madrid                        ,174,Villamanta,2501,3,1840,1363,1349,1339,10,14,319,286,273,154,276,0,0,0,0,0,0,0,0,0,0,18,0,0,5,0,4,0,0,3,0,0,0,0,0,0,0,0,0,0,0,1,0,0,0,0,0,0,0,0,0,0,0,0,0,0,0,0,0,0,0,0,0,0,0,0,0,0,0,0,0,0,0,28174,0.23823749066467514,,<5K
6833,Comunidad de Madrid           ,28,Madrid                        ,175,Villamantilla,1420,2,935,775,767,764,3,8,156,150,151,118,163,0,0,0,0,0,0,0,0,0,0,15,0,0,3,0,6,0,0,2,0,0,0,0,0,0,0,0,0,0,0,0,0,0,0,0,0,0,0,0,0,0,0,0,0,0,0,0,0,0,0,0,0,0,0,0,0,0,0,0,0,0,0,28175,0.20418848167539266,,<5K
6834,Comunidad de Madrid           ,28,Madrid                        ,176,Villanueva de la Cañada,21000,20,13837,11415,11326,11262,64,89,1820,2853,2837,1004,2490,0,0,0,0,0,0,0,0,0,0,174,0,0,25,0,35,0,0,10,0,3,0,0,0,3,0,0,0,0,0,8,0,0,0,0,0,0,0,0,0,0,0,0,0,0,0,0,0,0,0,0,0,0,0,0,0,0,0,0,0,0,0,28176,0.1616053986858462,,>5K
6835,Comunidad de Madrid           ,28,Madrid                        ,177,Villanueva del Pardillo,17127,17,10722,9093,9029,8965,64,64,1815,1649,2487,987,1836,0,0,0,0,0,0,0,0,0,0,119,0,0,12,0,33,0,0,10,0,6,0,0,0,3,0,0,0,0,0,8,0,0,0,0,0,0,0,0,0,0,0,0,0,0,0,0,0,0,0,0,0,0,0,0,0,0,0,0,0,0,0,28177,0.20245398773006135,,>5K
6836,Comunidad de Madrid           ,28,Madrid                        ,178,Villanueva de Perales,1547,2,1135,949,935,934,1,14,229,143,170,148,225,0,0,0,0,0,0,0,0,0,0,12,0,0,0,0,4,0,0,1,0,1,0,0,0,0,0,0,0,0,0,1,0,0,0,0,0,0,0,0,0,0,0,0,0,0,0,0,0,0,0,0,0,0,0,0,0,0,0,0,0,0,0,28178,0.24518201284796573,,<5K
6837,Comunidad de Madrid           ,28,Madrid                        ,179,Villar del Olmo,1967,2,1450,1115,1100,1097,3,15,245,197,244,172,208,0,0,0,0,0,0,0,0,0,0,18,0,0,3,0,5,0,0,2,0,0,0,0,0,2,0,0,0,0,0,1,0,0,0,0,0,0,0,0,0,0,0,0,0,0,0,0,0,0,0,0,0,0,0,0,0,0,0,0,0,0,0,28179,0.22333637192342753,,<5K
6838,Comunidad de Madrid           ,28,Madrid                        ,180,Villarejo de Salvanés,7291,9,5317,4266,4222,4196,26,44,1494,673,899,501,572,0,0,0,0,0,0,0,0,0,0,27,0,0,2,0,11,0,0,5,0,1,0,0,0,2,0,0,0,0,0,9,0,0,0,0,0,0,0,0,0,0,0,0,0,0,0,0,0,0,0,0,0,0,0,0,0,0,0,0,0,0,0,28180,0.35605338417540516,,<5K
6839,Comunidad de Madrid           ,28,Madrid                        ,181,Villaviciosa de Odón,27596,32,20669,17314,17205,17104,101,109,3117,4266,4156,1763,3444,0,0,0,0,0,0,0,0,0,0,237,0,0,24,0,62,0,0,15,0,6,0,0,0,4,0,0,0,0,0,10,0,0,0,0,0,0,0,0,0,0,0,0,0,0,0,0,0,0,0,0,0,0,0,0,0,0,0,0,0,0,0,28181,0.18223807296538821,,>5K
6840,Comunidad de Madrid           ,28,Madrid                        ,182,Villavieja del Lozoya,258,1,198,169,169,168,1,0,42,25,25,41,34,0,0,0,0,0,0,0,0,0,0,0,0,0,0,0,1,0,0,0,0,0,0,0,0,0,0,0,0,0,0,0,0,0,0,0,0,0,0,0,0,0,0,0,0,0,0,0,0,0,0,0,0,0,0,0,0,0,0,0,0,0,0,28182,0.25,,<5K
6841,Comunidad de Madrid           ,28,Madrid                        ,183,Zarzalejo,1620,2,1124,857,842,838,4,15,209,156,105,236,103,0,0,0,0,0,0,0,0,0,0,23,0,0,0,0,5,0,0,1,0,0,0,0,0,0,0,0,0,0,0,0,0,0,0,0,0,0,0,0,0,0,0,0,0,0,0,0,0,0,0,0,0,0,0,0,0,0,0,0,0,0,0,28183,0.2494033412887828,,<5K
6842,Comunidad de Madrid           ,28,Madrid                        ,901,Lozoyuela-Navas-Sieteiglesias,1266,2,868,653,639,633,6,14,167,123,101,125,105,0,0,0,0,0,0,0,0,0,0,6,0,0,2,0,3,0,0,1,0,0,0,0,0,0,0,0,0,0,0,0,0,0,0,0,0,0,0,0,0,0,0,0,0,0,0,0,0,0,0,0,0,0,0,0,0,0,0,0,0,0,0,28901,0.2638230647709321,,<5K
6843,Comunidad de Madrid           ,28,Madrid                        ,902,Puentes Viejas,642,1,523,418,415,413,2,3,64,100,79,90,72,0,0,0,0,0,0,0,0,0,0,4,0,0,1,0,2,0,0,0,0,0,0,0,0,0,0,0,0,0,0,1,0,0,0,0,0,0,0,0,0,0,0,0,0,0,0,0,0,0,0,0,0,0,0,0,0,0,0,0,0,0,0,28902,0.1549636803874092,,<5K
6844,Comunidad de Madrid           ,28,Madrid                        ,903,Tres Cantos,46750,55,35343,30490,30287,30086,201,203,7661,5058,7795,4898,4059,0,0,0,0,0,0,0,0,0,0,370,0,0,33,0,130,0,0,38,0,12,0,0,0,10,0,0,0,0,0,22,0,0,0,0,0,0,0,0,0,0,0,0,0,0,0,0,0,0,0,0,0,0,0,0,0,0,0,0,0,0,0,28903,0.2546367081034368,,>5K
